Workbook

Sheet Instrucciones
A1: SEGUIMIENTO DE TEMPORADA 2026/2027
A2: Cadete Femenino Preferente · Serie B · martes 75 min y viernes 105 min
A4: CÓMO SE USA
A5: Solo se escribe en las celdas amarillas con texto azul. El resto son fórmulas y se calculan solas.
A7: Hoja «Partidos»
A8: Cinco datos son el mínimo imprescindible y se pueden contar desde el banquillo:
A9: 1. Rebotes defensivos capturados por nosotras
A10: 2. Rebotes ofensivos que captura el rival (los dos juntos dan el % de rebote defensivo)
A11: 3. Rebotes ofensivos capturados por nosotras
A12: 4. Puntos anotados en los primeros 8 segundos de posesión
A13: 5. Pérdidas
A14: Los puntos a favor y en contra salen del acta. Los rebotes defensivos del rival son opcionales:
... A29: OBJETIVOS DE RENDIMIENTO
A31: Indicador | B31: Objetivo | C31: Por qué
A32: % rebote defensivo | B32: > 70 % | C32: Es el arranque del modelo de juego
A33: Puntos en transición | B33: > 20 por partido | C33: Mide si el contraataque existe de verdad
A34: % rebote ofensivo | B34: > 30 % | C34: Segundas opciones
A35: Pérdidas | B35: < 18 por partido | C35: Correr sin control se convierte en pérdidas
A37: LEYENDA DE COLORES
A38: Celda a rellenar
A39: Celda calculada
A42: Las fechas asumen que se juega en sábado. Confírmalas con el calendario oficial de la FBM tras el sorteo.

Sheet Partidos
A1: REGISTRO DE PARTIDOS
A2: Rellena solo las celdas amarillas. Fila 5 = ejemplo, bórrala cuando empieces.
A4: Jornada | B4: Fecha | C4: Rival | D4: C/F | E4: PF | F4: PC | G4: Dif. | H4: V/D | I4: RD nuestros | J4: RO rival | K4: % Reb Def | L4: RO nuestros | M4: RD rival | N4: % Reb Of | O4: Pts transición | P4: Pérdidas | Q4: Notas
A5: J1 | B5: 46298 | C5: Ejemplo CB | D5: C | E5: 54 | F5: 48 | G5: =IF(E5="","",E5-F5) -> 6 | H5: =IF(E5="","",IF(E5>F5,"V","D")) -> V | I5: 24 | J5: 9 | K5: =IFERROR(I5/(I5+J5),"") -> 0.72727273 | L5: 11 | M5: 22 | N5: =IFERROR(L5/(L5+M5),"") -> 0.33333333 | O5: 22 | P5: 16 | Q5: Buen rebote, muchas pérdidas en el 3er cuarto
A6: J2 | B6: 46312 | G6: =IF(E6="","",E6-F6) | H6: =IF(E6="","",IF(E6>F6,"V","D")) | K6: =IFERROR(I6/(I6+J6),"") | N6: =IFERROR(L6/(L6+M6),"")
A7: J3 | B7: 46319 | G7: =IF(E7="","",E7-F7) | H7: =IF(E7="","",IF(E7>F7,"V","D")) | K7: =IFERROR(I7/(I7+J7),"") | N7: =IFERROR(L7/(L7+M7),"")
A8: J4 | B8: 46333 | G8: =IF(E8="","",E8-F8) | H8: =IF(E8="","",IF(E8>F8,"V","D")) | K8: =IFERROR(I8/(I8+J8),"") | N8: =IFERROR(L8/(L8+M8),"")
A9: J5 | B9: 46340 | G9: =IF(E9="","",E9-F9) | H9: =IF(E9="","",IF(E9>F9,"V","D")) | K9: =IFERROR(I9/(I9+J9),"") | N9: =IFERROR(L9/(L9+M9),"")
A10: J6 | B10: 46347 | G10: =IF(E10="","",E10-F10) | H10: =IF(E10="","",IF(E10>F10,"V","D")) | K10: =IFERROR(I10/(I10+J10),"") | N10: =IFERROR(L10/(L10+M10),"")
A11: J7 | B11: 46354 | G11: =IF(E11="","",E11-F11) | H11: =IF(E11="","",IF(E11>F11,"V","D")) | K11: =IFERROR(I11/(I11+J11),"") | N11: =IFERROR(L11/(L11+M11),"")
A12: J8 | B12: 46368 | G12: =IF(E12="","",E12-F12) | H12: =IF(E12="","",IF(E12>F12,"V","D")) | K12: =IFERROR(I12/(I12+J12),"") | N12: =IFERROR(L12/(L12+M12),"")
A13: J9 | B13: 46375 | G13: =IF(E13="","",E13-F13) | H13: =IF(E13="","",IF(E13>F13,"V","D")) | K13: =IFERROR(I13/(I13+J13),"") | N13: =IFERROR(L13/(L13+M13),"")
A14: J10 | B14: 46403 | G14: =IF(E14="","",E14-F14) | H14: =IF(E14="","",IF(E14>F14,"V","D")) | K14: =IFERROR(I14/(I14+J14),"") | N14: =IFERROR(L14/(L14+M14),"")
A15: J11 | B15: 46410 | G15: =IF(E15="","",E15-F15) | H15: =IF(E15="","",IF(E15>F15,"V","D")) | K15: =IFERROR(I15/(I15+J15),"") | N15: =IFERROR(L15/(L15+M15),"")
A16: J12 | B16: 46417 | G16: =IF(E16="","",E16-F16) | H16: =IF(E16="","",IF(E16>F16,"V","D")) | K16: =IFERROR(I16/(I16+J16),"") | N16: =IFERROR(L16/(L16+M16),"")
A17: J13 | B17: 46424 | G17: =IF(E17="","",E17-F17) | H17: =IF(E17="","",IF(E17>F17,"V","D")) | K17: =IFERROR(I17/(I17+J17),"") | N17: =IFERROR(L17/(L17+M17),"")
... A30: 2ªF-4 | B30: 46536 | G30: =IF(E30="","",E30-F30) | H30: =IF(E30="","",IF(E30>F30,"V","D")) | K30: =IFERROR(I30/(I30+J30),"") | N30: =IFERROR(L30/(L30+M30),"")
A32: MEDIA 1ª FASE (J1-J22) | E32: =IFERROR(AVERAGE(E5:E26),"") -> 54 | F32: =IFERROR(AVERAGE(F5:F26),"") -> 48 | G32: =IFERROR(AVERAGE(G5:G26),"") -> 6 | H32: =IFERROR(COUNTIF(H5:H26,"V")&"-"&COUNTIF(H5:H26,"D"),"") -> 1-0 | I32: =IFERROR(AVERAGE(I5:I26),"") -> 24 | J32: =IFERROR(AVERAGE(J5:J26),"") -> 9 | K32: =IFERROR(AVERAGE(K5:K26),"") -> 0.72727273 | L32: =IFERROR(AVERAGE(L5:L26),"") -> 11 | M32: =IFERROR(AVERAGE(M5:M26),"") -> 22 | N32: =IFERROR(AVERAGE(N5:N26),"") -> 0.33333333 | O32: =IFERROR(AVERAGE(O5:O26),"") -> 22 | P32: =IFERROR(AVERAGE(P5:P26),"") -> 16
A33: MEDIA TEMPORADA | E33: =IFERROR(AVERAGE(E5:E30),"") -> 54 | F33: =IFERROR(AVERAGE(F5:F30),"") -> 48 | G33: =IFERROR(AVERAGE(G5:G30),"") -> 6 | H33: =IFERROR(COUNTIF(H5:H30,"V")&"-"&COUNTIF(H5:H30,"D"),"") -> 1-0 | I33: =IFERROR(AVERAGE(I5:I30),"") -> 24 | J33: =IFERROR(AVERAGE(J5:J30),"") -> 9 | K33: =IFERROR(AVERAGE(K5:K30),"") -> 0.72727273 | L33: =IFERROR(AVERAGE(L5:L30),"") -> 11 | M33: =IFERROR(AVERAGE(M5:M30),"") -> 22 | N33: =IFERROR(AVERAGE(N5:N30),"") -> 0.33333333 | O33: =IFERROR(AVERAGE(O5:O30),"") -> 22 | P33: =IFERROR(AVERAGE(P5:P30),"") -> 16
A35: RD = rebote defensivo · RO = rebote ofensivo · C/F = casa o fuera. Verde y rojo marcan si se cumple el objetivo del indicador.

Sheet Minutos
A1: MINUTOS POR JUGADORA
A2: Criterio: nadie por debajo de 10 minutos durante M1 y M2 (J1 a J18). En M3 (J19-J22) la rotación se acorta.
A4: Nº | B4: Jugadora | C4: J1 | D4: J2 | E4: J3 | F4: J4 | G4: J5 | H4: J6 | I4: J7 | J4: J8 | K4: J9 | L4: J10 | M4: J11 | N4: J12 | O4: J13 | P4: J14 | Q4: J15 | R4: J16 | S4: J17 | T4: J18 | U4: J19 | V4: J20 | W4: J21 | X4: J22 | Y4: 2ªF-1 | Z4: 2ªF-2 | AA4: 2ªF-3 | AB4: 2ªF-4 | AC4: Total | AD4: Media | AE4: Partidos | AF4: < 10 min
A5: 1 | B5: Jugadora 1 | AC5: =SUM(C5:AB5) -> 0 | AD5: =IFERROR(AVERAGE(C5:AB5),"") | AE5: =COUNT(C5:AB5) -> 0 | AF5: =COUNTIF(C5:AB5,"<10") -> 0
A6: 2 | B6: Jugadora 2 | AC6: =SUM(C6:AB6) -> 0 | AD6: =IFERROR(AVERAGE(C6:AB6),"") | AE6: =COUNT(C6:AB6) -> 0 | AF6: =COUNTIF(C6:AB6,"<10") -> 0
A7: 3 | B7: Jugadora 3 | AC7: =SUM(C7:AB7) -> 0 | AD7: =IFERROR(AVERAGE(C7:AB7),"") | AE7: =COUNT(C7:AB7) -> 0 | AF7: =COUNTIF(C7:AB7,"<10") -> 0
A8: 4 | B8: Jugadora 4 | AC8: =SUM(C8:AB8) -> 0 | AD8: =IFERROR(AVERAGE(C8:AB8),"") | AE8: =COUNT(C8:AB8) -> 0 | AF8: =COUNTIF(C8:AB8,"<10") -> 0
A9: 5 | B9: Jugadora 5 | AC9: =SUM(C9:AB9) -> 0 | AD9: =IFERROR(AVERAGE(C9:AB9),"") | AE9: =COUNT(C9:AB9) -> 0 | AF9: =COUNTIF(C9:AB9,"<10") -> 0
A10: 6 | B10: Jugadora 6 | AC10: =SUM(C10:AB10) -> 0 | AD10: =IFERROR(AVERAGE(C10:AB10),"") | AE10: =COUNT(C10:AB10) -> 0 | AF10: =COUNTIF(C10:AB10,"<10") -> 0
A11: 7 | B11: Jugadora 7 | AC11: =SUM(C11:AB11) -> 0 | AD11: =IFERROR(AVERAGE(C11:AB11),"") | AE11: =COUNT(C11:AB11) -> 0 | AF11: =COUNTIF(C11:AB11,"<10") -> 0
A12: 8 | B12: Jugadora 8 | AC12: =SUM(C12:AB12) -> 0 | AD12: =IFERROR(AVERAGE(C12:AB12),"") | AE12: =COUNT(C12:AB12) -> 0 | AF12: =COUNTIF(C12:AB12,"<10") -> 0
A13: 9 | B13: Jugadora 9 | AC13: =SUM(C13:AB13) -> 0 | AD13: =IFERROR(AVERAGE(C13:AB13),"") | AE13: =COUNT(C13:AB13) -> 0 | AF13: =COUNTIF(C13:AB13,"<10") -> 0
A14: 10 | B14: Jugadora 10 | AC14: =SUM(C14:AB14) -> 0 | AD14: =IFERROR(AVERAGE(C14:AB14),"") | AE14: =COUNT(C14:AB14) -> 0 | AF14: =COUNTIF(C14:AB14,"<10") -> 0
A15: 11 | B15: Jugadora 11 | AC15: =SUM(C15:AB15) -> 0 | AD15: =IFERROR(AVERAGE(C15:AB15),"") | AE15: =COUNT(C15:AB15) -> 0 | AF15: =COUNTIF(C15:AB15,"<10") -> 0
A16: 12 | B16: Jugadora 12 | AC16: =SUM(C16:AB16) -> 0 | AD16: =IFERROR(AVERAGE(C16:AB16),"") | AE16: =COUNT(C16:AB16) -> 0 | AF16: =COUNTIF(C16:AB16,"<10") -> 0
B17: Suma (≈200) | C17: =IF(SUM(C5:C16)=0,"",SUM(C5:C16)) | D17: =IF(SUM(D5:D16)=0,"",SUM(D5:D16)) | E17: =IF(SUM(E5:E16)=0,"",SUM(E5:E16)) | F17: =IF(SUM(F5:F16)=0,"",SUM(F5:F16)) | G17: =IF(SUM(G5:G16)=0,"",SUM(G5:G16)) | H17: =IF(SUM(H5:H16)=0,"",SUM(H5:H16)) | I17: =IF(SUM(I5:I16)=0,"",SUM(I5:I16)) | J17: =IF(SUM(J5:J16)=0,"",SUM(J5:J16)) | ... AB17: =IF(SUM(AB5:AB16)=0,"",SUM(AB5:AB16))
B19: Escribe los nombres reales en la columna B. La fila «Suma» debe rondar 200 minutos por partido.

Sheet Test físico
A1: TESTS FÍSICOS
A2: Cuatro mediciones: primera semana de septiembre, 11 de enero, 22 de marzo y final de temporada.
A4: Nº | B4: Jugadora | C4: Salto vertical (cm) | H4: Sprint 20 m (s) | M4: Agilidad en T (s) | R4: Resistencia (nivel)
C5: Sep | D5: Ene | E5: Mar | F5: May | G5: Mejora | H5: Sep | I5: Ene | J5: Mar | K5: May | L5: Mejora | M5: Sep | N5: Ene | O5: Mar | P5: May | Q5: Mejora | R5: Sep | S5: Ene | T5: Mar | U5: May | V5: Mejora
A6: 1 | B6: Jugadora 1 | G6: =IF(OR(C6="",F6=""),"",F6-C6) | L6: =IF(OR(H6="",K6=""),"",H6-K6) | Q6: =IF(OR(M6="",P6=""),"",M6-P6) | V6: =IF(OR(R6="",U6=""),"",U6-R6)
A7: 2 | B7: Jugadora 2 | G7: =IF(OR(C7="",F7=""),"",F7-C7) | L7: =IF(OR(H7="",K7=""),"",H7-K7) | Q7: =IF(OR(M7="",P7=""),"",M7-P7) | V7: =IF(OR(R7="",U7=""),"",U7-R7)
A8: 3 | B8: Jugadora 3 | G8: =IF(OR(C8="",F8=""),"",F8-C8) | L8: =IF(OR(H8="",K8=""),"",H8-K8) | Q8: =IF(OR(M8="",P8=""),"",M8-P8) | V8: =IF(OR(R8="",U8=""),"",U8-R8)
A9: 4 | B9: Jugadora 4 | G9: =IF(OR(C9="",F9=""),"",F9-C9) | L9: =IF(OR(H9="",K9=""),"",H9-K9) | Q9: =IF(OR(M9="",P9=""),"",M9-P9) | V9: =IF(OR(R9="",U9=""),"",U9-R9)
A10: 5 | B10: Jugadora 5 | G10: =IF(OR(C10="",F10=""),"",F10-C10) | L10: =IF(OR(H10="",K10=""),"",H10-K10) | Q10: =IF(OR(M10="",P10=""),"",M10-P10) | V10: =IF(OR(R10="",U10=""),"",U10-R10)
A11: 6 | B11: Jugadora 6 | G11: =IF(OR(C11="",F11=""),"",F11-C11) | L11: =IF(OR(H11="",K11=""),"",H11-K11) | Q11: =IF(OR(M11="",P11=""),"",M11-P11) | V11: =IF(OR(R11="",U11=""),"",U11-R11)
A12: 7 | B12: Jugadora 7 | G12: =IF(OR(C12="",F12=""),"",F12-C12) | L12: =IF(OR(H12="",K12=""),"",H12-K12) | Q12: =IF(OR(M12="",P12=""),"",M12-P12) | V12: =IF(OR(R12="",U12=""),"",U12-R12)
A13: 8 | B13: Jugadora 8 | G13: =IF(OR(C13="",F13=""),"",F13-C13) | L13: =IF(OR(H13="",K13=""),"",H13-K13) | Q13: =IF(OR(M13="",P13=""),"",M13-P13) | V13: =IF(OR(R13="",U13=""),"",U13-R13)
A14: 9 | B14: Jugadora 9 | G14: =IF(OR(C14="",F14=""),"",F14-C14) | L14: =IF(OR(H14="",K14=""),"",H14-K14) | Q14: =IF(OR(M14="",P14=""),"",M14-P14) | V14: =IF(OR(R14="",U14=""),"",U14-R14)
A15: 10 | B15: Jugadora 10 | G15: =IF(OR(C15="",F15=""),"",F15-C15) | L15: =IF(OR(H15="",K15=""),"",H15-K15) | Q15: =IF(OR(M15="",P15=""),"",M15-P15) | V15: =IF(OR(R15="",U15=""),"",U15-R15)
A16: 11 | B16: Jugadora 11 | G16: =IF(OR(C16="",F16=""),"",F16-C16) | L16: =IF(OR(H16="",K16=""),"",H16-K16) | Q16: =IF(OR(M16="",P16=""),"",M16-P16) | V16: =IF(OR(R16="",U16=""),"",U16-R16)
A17: 12 | B17: Jugadora 12 | G17: =IF(OR(C17="",F17=""),"",F17-C17) | L17: =IF(OR(H17="",K17=""),"",H17-K17) | Q17: =IF(OR(M17="",P17=""),"",M17-P17) | V17: =IF(OR(R17="",U17=""),"",U17-R17)
B19: «Mejora» ya tiene en cuenta el sentido de cada prueba: verde es progreso.

Sheet Test técnico
A1: TESTS TÉCNICOS
A2: Mismo calendario que los tests físicos. Comparte los resultados en privado con cada jugadora.
A4: Nº | B4: Jugadora | C4: Tiros libres (/20) | H4: Entradas 60" (nº) | M4: Circuito manejo (s)
C5: Sep | D5: Ene | E5: Mar | F5: May | G5: Mejora | H5: Sep | I5: Ene | J5: Mar | K5: May | L5: Mejora | M5: Sep | N5: Ene | O5: Mar | P5: May | Q5: Mejora
A6: 1 | B6: Jugadora 1 | G6: =IF(OR(C6="",F6=""),"",F6-C6) | L6: =IF(OR(H6="",K6=""),"",K6-H6) | Q6: =IF(OR(M6="",P6=""),"",M6-P6)
A7: 2 | B7: Jugadora 2 | G7: =IF(OR(C7="",F7=""),"",F7-C7) | L7: =IF(OR(H7="",K7=""),"",K7-H7) | Q7: =IF(OR(M7="",P7=""),"",M7-P7)
A8: 3 | B8: Jugadora 3 | G8: =IF(OR(C8="",F8=""),"",F8-C8) | L8: =IF(OR(H8="",K8=""),"",K8-H8) | Q8: =IF(OR(M8="",P8=""),"",M8-P8)
A9: 4 | B9: Jugadora 4 | G9: =IF(OR(C9="",F9=""),"",F9-C9) | L9: =IF(OR(H9="",K9=""),"",K9-H9) | Q9: =IF(OR(M9="",P9=""),"",M9-P9)
A10: 5 | B10: Jugadora 5 | G10: =IF(OR(C10="",F10=""),"",F10-C10) | L10: =IF(OR(H10="",K10=""),"",K10-H10) | Q10: =IF(OR(M10="",P10=""),"",M10-P10)
A11: 6 | B11: Jugadora 6 | G11: =IF(OR(C11="",F11=""),"",F11-C11) | L11: =IF(OR(H11="",K11=""),"",K11-H11) | Q11: =IF(OR(M11="",P11=""),"",M11-P11)
A12: 7 | B12: Jugadora 7 | G12: =IF(OR(C12="",F12=""),"",F12-C12) | L12: =IF(OR(H12="",K12=""),"",K12-H12) | Q12: =IF(OR(M12="",P12=""),"",M12-P12)
A13: 8 | B13: Jugadora 8 | G13: =IF(OR(C13="",F13=""),"",F13-C13) | L13: =IF(OR(H13="",K13=""),"",K13-H13) | Q13: =IF(OR(M13="",P13=""),"",M13-P13)
A14: 9 | B14: Jugadora 9 | G14: =IF(OR(C14="",F14=""),"",F14-C14) | L14: =IF(OR(H14="",K14=""),"",K14-H14) | Q14: =IF(OR(M14="",P14=""),"",M14-P14)
A15: 10 | B15: Jugadora 10 | G15: =IF(OR(C15="",F15=""),"",F15-C15) | L15: =IF(OR(H15="",K15=""),"",K15-H15) | Q15: =IF(OR(M15="",P15=""),"",M15-P15)
A16: 11 | B16: Jugadora 11 | G16: =IF(OR(C16="",F16=""),"",F16-C16) | L16: =IF(OR(H16="",K16=""),"",K16-H16) | Q16: =IF(OR(M16="",P16=""),"",M16-P16)
A17: 12 | B17: Jugadora 12 | G17: =IF(OR(C17="",F17=""),"",F17-C17) | L17: =IF(OR(H17="",K17=""),"",K17-H17) | Q17: =IF(OR(M17="",P17=""),"",M17-P17)
B19: «Mejora» ya tiene en cuenta el sentido de cada prueba: verde es progreso.

Sheet Panel
A1: PANEL DE TEMPORADA
A2: Todo se calcula solo. Revísalo al cerrar cada bloque: diciembre, marzo y abril.
A4: BALANCE
A5: Partidos jugados | B5: =COUNT(Partidos!E5:E30) -> 1
A6: Victorias | B6: =COUNTIF(Partidos!H5:H30,"V") -> 1
A7: Derrotas | B7: =COUNTIF(Partidos!H5:H30,"D") -> 0
A8: Puntos a favor (media) | B8: =IFERROR(AVERAGE(Partidos!E5:E30),"") -> 54
A9: Puntos en contra (media) | B9: =IFERROR(AVERAGE(Partidos!F5:F30),"") -> 48
A10: Diferencia media | B10: =IFERROR(AVERAGE(Partidos!G5:G30),"") -> 6
A11: Diferencia acumulada | B11: =IFERROR(SUM(Partidos!G5:G30),"") -> 6
A13: INDICADORES DEL MODELO DE JUEGO
A14: Indicador | B14: Objetivo | C14: Media temporada | D14: Estado
A15: % rebote defensivo | B15: 0.7 | C15: =IFERROR(AVERAGE(Partidos!K5:K30),"") -> 0.72727273 | D15: =IF(C15="","",IF(C15>=B15,"CUMPLE","POR DEBAJO")) -> CUMPLE
A16: Puntos en transición | B16: 20 | C16: =IFERROR(AVERAGE(Partidos!O5:O30),"") -> 22 | D16: =IF(C16="","",IF(C16>=B16,"CUMPLE","POR DEBAJO")) -> CUMPLE
A17: % rebote ofensivo | B17: 0.3 | C17: =IFERROR(AVERAGE(Partidos!N5:N30),"") -> 0.33333333 | D17: =IF(C17="","",IF(C17>=B17,"CUMPLE","POR DEBAJO")) -> CUMPLE
A18: Pérdidas | B18: 18 | C18: =IFERROR(AVERAGE(Partidos!P5:P30),"") -> 16 | D18: =IF(C18="","",IF(C18<=B18,"CUMPLE","POR ENCIMA")) -> CUMPLE
A20: REPARTO DE MINUTOS
A21: Minutos de la jugadora que más juega | B21: =IFERROR(MAX(Minutos!AC5:AC16),"") -> 0
A22: Minutos de la jugadora que menos juega | B22: =IFERROR(MIN(Minutos!AC5:AC16),"") -> 0
A23: Media de minutos del equipo | B23: =IFERROR(AVERAGE(Minutos!AD5:AD16),"")
A24: Casos de menos de 10 min (todo el equipo) | B24: =SUM(Minutos!AF5:AF16) -> 0
A27: Recordatorio: los partidos contra los equipos de la zona baja del grupo arrastran resultado a los grupos de descenso. Márcalos en la columna «Notas» de la hoja Partidos.

Sheet RPE
A1: CONTROL DE CARGA · RPE
A2: Al terminar la sesión, cada jugadora dice un número del 0 al 10. Anota la media del equipo. Referencia: 1-2 sesión de tiro estático · 10 intensidad de partido.
A3: Carga = RPE × minutos. Los martes duran 75 min y los viernes 105, así que las sesiones NO son comparables sin multiplicar. La columna Min viene rellena; cámbiala si varía.
A5: Sem | B5: Fecha | C5: Día | D5: Bloque | E5: Min | F5: RPE medio | G5: Carga (UA) | H5: Notas | J5: Sem | K5: Lunes de | L5: Carga semanal | M5: Δ vs anterior | N5: Aviso
A6: 1 | B6: 46266 | C6: Mar | D6: M0 | E6: 75 | G6: =IF(F6="","",E6*F6) | J6: 1 | K6: 46265 | L6: =IFERROR(IF(SUMIF($A$6:$A$78,J6,$G$6:$G$78)=0,"",SUMIF($A$6:$A$78,J6,$G$6:$G$78)),"") | N6: =IF(M6="","",IF(M6>0.2,"SUBIDA >20%",IF(M6<-0.2,"Descarga","")))
A7: 1 | B7: 46269 | C7: Vie | D7: M0 | E7: 105 | G7: =IF(F7="","",E7*F7) | J7: 2 | K7: 46272 | L7: =IFERROR(IF(SUMIF($A$6:$A$78,J7,$G$6:$G$78)=0,"",SUMIF($A$6:$A$78,J7,$G$6:$G$78)),"") | M7: =IFERROR(IF(OR(L7="",L6=""),"",L7/L6-1),"") | N7: =IF(M7="","",IF(M7>0.2,"SUBIDA >20%",IF(M7<-0.2,"Descarga","")))
A8: 2 | B8: 46273 | C8: Mar | D8: M0 | E8: 75 | G8: =IF(F8="","",E8*F8) | J8: 3 | K8: 46279 | L8: =IFERROR(IF(SUMIF($A$6:$A$78,J8,$G$6:$G$78)=0,"",SUMIF($A$6:$A$78,J8,$G$6:$G$78)),"") | M8: =IFERROR(IF(OR(L8="",L7=""),"",L8/L7-1),"") | N8: =IF(M8="","",IF(M8>0.2,"SUBIDA >20%",IF(M8<-0.2,"Descarga","")))
A9: 2 | B9: 46276 | C9: Vie | D9: M0 | E9: 105 | G9: =IF(F9="","",E9*F9) | J9: 4 | K9: 46286 | L9: =IFERROR(IF(SUMIF($A$6:$A$78,J9,$G$6:$G$78)=0,"",SUMIF($A$6:$A$78,J9,$G$6:$G$78)),"") | M9: =IFERROR(IF(OR(L9="",L8=""),"",L9/L8-1),"") | N9: =IF(M9="","",IF(M9>0.2,"SUBIDA >20%",IF(M9<-0.2,"Descarga","")))
A10: 3 | B10: 46280 | C10: Mar | D10: M0 | E10: 75 | G10: =IF(F10="","",E10*F10) | J10: 5 | K10: 46293 | L10: =IFERROR(IF(SUMIF($A$6:$A$78,J10,$G$6:$G$78)=0,"",SUMIF($A$6:$A$78,J10,$G$6:$G$78)),"") | M10: =IFERROR(IF(OR(L10="",L9=""),"",L10/L9-1),"") | N10: =IF(M10="","",IF(M10>0.2,"SUBIDA >20%",IF(M10<-0.2,"Descarga","")))
A11: 3 | B11: 46283 | C11: Vie | D11: M0 | E11: 105 | G11: =IF(F11="","",E11*F11) | J11: 6 | K11: 46300 | L11: =IFERROR(IF(SUMIF($A$6:$A$78,J11,$G$6:$G$78)=0,"",SUMIF($A$6:$A$78,J11,$G$6:$G$78)),"") | M11: =IFERROR(IF(OR(L11="",L10=""),"",L11/L10-1),"") | N11: =IF(M11="","",IF(M11>0.2,"SUBIDA >20%",IF(M11<-0.2,"Descarga","")))
A12: 4 | B12: 46287 | C12: Mar | D12: M0 | E12: 75 | G12: =IF(F12="","",E12*F12) | J12: 7 | K12: 46307 | L12: =IFERROR(IF(SUMIF($A$6:$A$78,J12,$G$6:$G$78)=0,"",SUMIF($A$6:$A$78,J12,$G$6:$G$78)),"") | M12: =IFERROR(IF(OR(L12="",L11=""),"",L12/L11-1),"") | N12: =IF(M12="","",IF(M12>0.2,"SUBIDA >20%",IF(M12<-0.2,"Descarga","")))
A13: 4 | B13: 46290 | C13: Vie | D13: M0 | E13: 105 | G13: =IF(F13="","",E13*F13) | J13: 8 | K13: 46314 | L13: =IFERROR(IF(SUMIF($A$6:$A$78,J13,$G$6:$G$78)=0,"",SUMIF($A$6:$A$78,J13,$G$6:$G$78)),"") | M13: =IFERROR(IF(OR(L13="",L12=""),"",L13/L12-1),"") | N13: =IF(M13="","",IF(M13>0.2,"SUBIDA >20%",IF(M13<-0.2,"Descarga","")))
A14: 5 | B14: 46294 | C14: Mar | D14: M0 | E14: 75 | G14: =IF(F14="","",E14*F14) | J14: 9 | K14: 46321 | L14: =IFERROR(IF(SUMIF($A$6:$A$78,J14,$G$6:$G$78)=0,"",SUMIF($A$6:$A$78,J14,$G$6:$G$78)),"") | M14: =IFERROR(IF(OR(L14="",L13=""),"",L14/L13-1),"") | N14: =IF(M14="","",IF(M14>0.2,"SUBIDA >20%",IF(M14<-0.2,"Descarga","")))
A15: 5 | B15: 46297 | C15: Vie | D15: M0 | E15: 105 | G15: =IF(F15="","",E15*F15) | J15: 10 | K15: 46328 | L15: =IFERROR(IF(SUMIF($A$6:$A$78,J15,$G$6:$G$78)=0,"",SUMIF($A$6:$A$78,J15,$G$6:$G$78)),"") | M15: =IFERROR(IF(OR(L15="",L14=""),"",L15/L14-1),"") | N15: =IF(M15="","",IF(M15>0.2,"SUBIDA >20%",IF(M15<-0.2,"Descarga","")))
A16: 6 | B16: 46301 | C16: Mar | D16: M1 | E16: 75 | G16: =IF(F16="","",E16*F16) | J16: 11 | K16: 46335 | L16: =IFERROR(IF(SUMIF($A$6:$A$78,J16,$G$6:$G$78)=0,"",SUMIF($A$6:$A$78,J16,$G$6:$G$78)),"") | M16: =IFERROR(IF(OR(L16="",L15=""),"",L16/L15-1),"") | N16: =IF(M16="","",IF(M16>0.2,"SUBIDA >20%",IF(M16<-0.2,"Descarga","")))
A17: 6 | B17: 46304 | C17: Vie | D17: M1 | E17: 105 | G17: =IF(F17="","",E17*F17) | J17: 12 | K17: 46342 | L17: =IFERROR(IF(SUMIF($A$6:$A$78,J17,$G$6:$G$78)=0,"",SUMIF($A$6:$A$78,J17,$G$6:$G$78)),"") | M17: =IFERROR(IF(OR(L17="",L16=""),"",L17/L16-1),"") | N17: =IF(M17="","",IF(M17>0.2,"SUBIDA >20%",IF(M17<-0.2,"Descarga","")))
A18: 7 | B18: 46308 | C18: Mar | D18: M1 | E18: 75 | G18: =IF(F18="","",E18*F18) | J18: 13 | K18: 46349 | L18: =IFERROR(IF(SUMIF($A$6:$A$78,J18,$G$6:$G$78)=0,"",SUMIF($A$6:$A$78,J18,$G$6:$G$78)),"") | M18: =IFERROR(IF(OR(L18="",L17=""),"",L18/L17-1),"") | N18: =IF(M18="","",IF(M18>0.2,"SUBIDA >20%",IF(M18<-0.2,"Descarga","")))
... A43: 20 | B43: 46409 | C43: Vie | D43: M2 | E43: 105 | G43: =IF(F43="","",E43*F43) | J43: 38 | K43: 46531 | L43: =IFERROR(IF(SUMIF($A$6:$A$78,J43,$G$6:$G$78)=0,"",SUMIF($A$6:$A$78,J43,$G$6:$G$78)),"") | M43: =IFERROR(IF(OR(L43="",L42=""),"",L43/L42-1),"") | N43: =IF(M43="","",IF(M43>0.2,"SUBIDA >20%",IF(M43<-0.2,"Descarga","")))
A44: 21 | B44: 46413 | C44: Mar | D44: M2 | E44: 75 | G44: =IF(F44="","",E44*F44)
A45: 21 | B45: 46416 | C45: Vie | D45: M2 | E45: 105 | G45: =IF(F45="","",E45*F45)
A46: 22 | B46: 46420 | C46: Mar | D46: M2 | E46: 75 | G46: =IF(F46="","",E46*F46)
A47: 22 | B47: 46423 | C47: Vie | D47: M2 | E47: 105 | G47: =IF(F47="","",E47*F47)
A48: 23 | B48: 46427 | C48: Mar | D48: M2 | E48: 75 | G48: =IF(F48="","",E48*F48)
A49: 23 | B49: 46430 | C49: Vie | D49: M2 | E49: 105 | G49: =IF(F49="","",E49*F49)
A50: 24 | B50: 46434 | C50: Mar | D50: M2 | E50: 75 | G50: =IF(F50="","",E50*F50)
A51: 24 | B51: 46437 | C51: Vie | D51: M2 | E51: 105 | G51: =IF(F51="","",E51*F51)
A52: 25 | B52: 46441 | C52: Mar | D52: M2 | E52: 75 | G52: =IF(F52="","",E52*F52)
A53: 25 | B53: 46444 | C53: Vie | D53: M2 | E53: 105 | G53: =IF(F53="","",E53*F53)
A54: 26 | B54: 46448 | C54: Mar | D54: M2 | E54: 75 | G54: =IF(F54="","",E54*F54)
A55: 26 | B55: 46451 | C55: Vie | D55: M2 | E55: 105 | G55: =IF(F55="","",E55*F55)
... A78: 38 | B78: 46535 | C78: Vie | D78: M4 | E78: 105 | G78: =IF(F78="","",E78*F78)

Sheet Asistencia
A1: ASISTENCIA
A2: Escribe 1 si asiste y 0 si falta. Deja vacío si la sesión aún no se ha hecho.
A4: Fecha | B4: Bloque | C4: J1 | D4: J2 | E4: J3 | F4: J4 | G4: J5 | H4: J6 | I4: J7 | J4: J8 | K4: J9 | L4: J10 | M4: J11 | N4: J12 | O4: Total
A5: 46266 | B5: M0 | O5: =IF(COUNT(C5:N5)=0,"",SUM(C5:N5))
A6: 46269 | B6: M0 | O6: =IF(COUNT(C6:N6)=0,"",SUM(C6:N6))
A7: 46273 | B7: M0 | O7: =IF(COUNT(C7:N7)=0,"",SUM(C7:N7))
A8: 46276 | B8: M0 | O8: =IF(COUNT(C8:N8)=0,"",SUM(C8:N8))
A9: 46280 | B9: M0 | O9: =IF(COUNT(C9:N9)=0,"",SUM(C9:N9))
A10: 46283 | B10: M0 | O10: =IF(COUNT(C10:N10)=0,"",SUM(C10:N10))
A11: 46287 | B11: M0 | O11: =IF(COUNT(C11:N11)=0,"",SUM(C11:N11))
A12: 46290 | B12: M0 | O12: =IF(COUNT(C12:N12)=0,"",SUM(C12:N12))
A13: 46294 | B13: M0 | O13: =IF(COUNT(C13:N13)=0,"",SUM(C13:N13))
A14: 46297 | B14: M0 | O14: =IF(COUNT(C14:N14)=0,"",SUM(C14:N14))
A15: 46301 | B15: M1 | O15: =IF(COUNT(C15:N15)=0,"",SUM(C15:N15))
A16: 46304 | B16: M1 | O16: =IF(COUNT(C16:N16)=0,"",SUM(C16:N16))
... A77: 46535 | B77: M4 | O77: =IF(COUNT(C77:N77)=0,"",SUM(C77:N77))
B79: Sesiones | C79: =SUM(C5:C77) -> 0 | D79: =SUM(D5:D77) -> 0 | E79: =SUM(E5:E77) -> 0 | F79: =SUM(F5:F77) -> 0 | G79: =SUM(G5:G77) -> 0 | H79: =SUM(H5:H77) -> 0 | I79: =SUM(I5:I77) -> 0 | J79: =SUM(J5:J77) -> 0 | ... N79: =SUM(N5:N77) -> 0
B80: % asistencia | C80: =IFERROR(SUM(C5:C77)/COUNT(C5:C77),"") | D80: =IFERROR(SUM(D5:D77)/COUNT(D5:D77),"") | E80: =IFERROR(SUM(E5:E77)/COUNT(E5:E77),"") | F80: =IFERROR(SUM(F5:F77)/COUNT(F5:F77),"") | G80: =IFERROR(SUM(G5:G77)/COUNT(G5:G77),"") | H80: =IFERROR(SUM(H5:H77)/COUNT(H5:H77),"") | I80: =IFERROR(SUM(I5:I77)/COUNT(I5:I77),"") | J80: =IFERROR(SUM(J5:J77)/COUNT(J5:J77),"") | ... N80: =IFERROR(SUM(N5:N77)/COUNT(N5:N77),"")
B82: Sustituye J1…J12 por los nombres reales. Rojo por debajo del 80%.
